{"cameraMode":{"drawMode":0,"name":"Shaded","section":"Shading Mode"},"sceneLighting":false,"audioPlay":false,"sceneViewState":{"showFog":true,"showMaterialUpdate":true,"showSkybox":true,"showFlares":true,"showImageEffects":true,"showParticleSystems":true},"in2DMode":false,"pivot":{"x":30.524625778198243,"y":-28.094850540161134,"z":-48.88557815551758},"rotation":{"x":-0.01858382113277912,"y":0.9707694053649902,"z":-0.22556807100772859,"w":-0.07997658103704453},"size":98.58028411865235,"orthographic":false}