{"cameraMode":{"drawMode":0,"name":"Shaded","section":"Shading Mode"},"sceneLighting":false,"audioPlay":false,"sceneViewState":{"showFog":true,"showMaterialUpdate":true,"showSkybox":false,"showFlares":true,"showImageEffects":true,"showParticleSystems":true},"in2DMode":false,"pivot":{"x":1.4534955024719239,"y":2.7429542541503908,"z":2.0677006244659426},"rotation":{"x":-0.28985100984573367,"y":0.475064218044281,"z":-0.16928550601005555,"w":-0.8134194612503052},"size":6.857278823852539,"orthographic":false}